{"epoch": 2, "valid_loss": 2.708125558805295, "valid_accuracy": 0.05108915337974399, "_timestamp": 1711303944.7680647, "_runtime": 319.9738357067108, "_step": 5, "train_loss": 2.708045186733436, "train_accuracy": 0.06711829512575117}