{"epoch": 1, "valid_loss": 2.7080587571667087, "valid_accuracy": 0.050415450258252864, "_timestamp": 1711285850.2000597, "_runtime": 457.13906359672546, "_step": 1, "_wandb": {"runtime": 478}}